Pseudo,Lien profil,Abonnés,Plateforme,Lien plateforme,Redirection,Visage,Trouvée via,Statut,Notes
laetitiaversace_,https://instagram.com/laetitiaversace_,5765,MYM,,Bonne,À vérifier,laetitiaversace instagram (via beacons.ai/laetitiaversace),À vérifier,"Insta probable (même nom + _). Beacons : MYM en lien principal + email. 901 suivis, 15 posts. Page: https://beacons.ai/laetitiaversace"
mathildee_offf,https://instagram.com/mathildee_offf,28000,MYM (non confirmé),,À vérifier,À vérifier,mxthildemth instagram (via linktr.ee/mxthildemth),À vérifier,"Insta probable (bio cite @mxthiildemth_). Linktree: TikTok, Insta, Telegram, pas de lien MYM visible. 'Ancien top 25 MYM'. Proche plafond 30k. Compte secondaire = vérifier agence"
floramilano_off,https://instagram.com/floramilano_off,,MYM / Swame,,À vérifier,À vérifier,swame mym (linktr.ee/menagere_du_net),À vérifier,Lien Insta établi par le nom seulement. 'Ta ménagère de 40 ans préférée'. Abonnés inconnus
phenixloulou,https://instagram.com/phenixloulou,,MYM,,Bonne,À vérifier,mym créatrice française,À vérifier,"Insta NON trouvé: pseudo = celui de la page de liens https://linktr.ee/phenixloulou. Linktree 3 boutons: Insta, CAM4, MYM"
lauladiams,https://instagram.com/lauladiams,,MYM,,MAUVAISE,À vérifier,mym créatrice française,À vérifier,"Insta NON trouvé: pseudo = celui de la page de liens https://linktr.ee/lauladiams. Linktree 5 boutons (Insta, X, WhatsApp, Snap, MYM). 2e linktree: Laulaoff"
nina25,https://instagram.com/nina25,,MYM,,MAUVAISE,À vérifier,mym créatrice française,À vérifier,"Insta NON trouvé: pseudo = celui de la page de liens https://linktr.ee/nina25. SweetNina. Linktree 6 boutons (Insta, Telegram, Snap, Stripchat, CAM4, MYM)"
athen_ax,https://instagram.com/athen_ax,,MYM,,À vérifier,À vérifier,mym créatrice,À vérifier,Insta NON trouvé: pseudo = celui de la page de liens https://linktr.ee/athen_ax. Linktree 'Créatrice de contenu 🔞'
miacruz.officiel,https://instagram.com/miacruz.officiel,,MYM,,À vérifier,À vérifier,mym créatrice,À vérifier,Insta NON trouvé: pseudo = celui de la page de liens https://linktr.ee/miacruz.officiel. Se présente créatrice MYM
chloe.det4,https://instagram.com/chloe.det4,,MYM,,À vérifier,À vérifier,mym créatrice,À vérifier,"Insta NON trouvé: pseudo = celui de la page de liens https://linktr.ee/chloe.det4. Linktree 'Chloé 🦋', peu d'infos"
assia.cc,https://instagram.com/assia.cc,,MYM,,À vérifier,À vérifier,créatrice de contenu 🔞 mym,À vérifier,Insta NON trouvé: pseudo = celui de la page de liens https://linktr.ee/assia.cc. MYM dans ses liens
estellemaxkokin,https://instagram.com/estellemaxkokin,,MYM,,À vérifier,À vérifier,contenu exclusif mym,À vérifier,Insta NON trouvé: pseudo = celui de la page de liens https://linktr.ee/estellemaxkokin. 'Découvrez mes réseaux et mes contenus exclusifs'
lena.mercier,https://instagram.com/lena.mercier,,MYM,,À vérifier,À vérifier,contenu exclusif mym,À vérifier,Insta NON trouvé: pseudo = celui de la page de liens https://linktr.ee/lena.mercier. Insta proche @lena.mercr (903 abonnés) non confirmé
feyee,https://instagram.com/feyee,,MYM (probable),,À vérifier,À vérifier,contenu exclusif mym,À vérifier,"Insta NON trouvé: pseudo = celui de la page de liens https://linktr.ee/feyee. Linktree 'Feyee Rê' (TikTok, Insta)"
diamanta,https://instagram.com/diamanta,,MYM / Swame (probable),,À vérifier,À vérifier,swame mym,À vérifier,Insta NON trouvé: pseudo = celui de la page de liens https://linktr.ee/diamanta. Linktree en français 'Hey les coquins'
cataleyaoff,https://instagram.com/cataleyaoff,,MYM / Swame,,À vérifier,À vérifier,swame mym,À vérifier,Insta NON trouvé: pseudo = celui de la page de liens https://beacons.ai/cataleyaoff. Page beacons.ai/cataleyaoff
marinours,https://instagram.com/marinours,,MYM / Swame,,À vérifier,À vérifier,swame mym,À vérifier,Insta NON trouvé: pseudo = celui de la page de liens https://beacons.ai/marinours. Page beacons.ai/marinours
pika_modele,https://instagram.com/pika_modele,,MYM,,À vérifier,À vérifier,modèle mym,À vérifier,Insta NON trouvé: pseudo = celui de la page de liens https://beacons.ai/pika_modele. Page beacons.ai/pika_modele
bertoullebeaurebec,https://instagram.com/bertoullebeaurebec,,OnlyFans,,À vérifier,À vérifier,onlyfans créatrice française 🇫🇷,À vérifier,"Insta NON trouvé: pseudo = celui de la page de liens https://linktr.ee/bertoullebeaurebec. Linktree OnlyFans en français, plusieurs liens"
